"T","kappa","theta","xi","rho","V0","S0","Delta","Y0"
1,8.12100220839493,1.78789503267119,4.29087799337502,0.319050495078657,0.997086488714178,1,0.00396825396825397,0
1,8.53734716332983,0.411524890828473,2.03312817830987,0.218470043854288,0.178568594998528,1,0.00396825396825397,0
1,8.4357311576372,1.43527085964105,3.91598610982304,-0.56394685177457,2.38868625308275,1,0.00396825396825397,0
1,6.32046197713353,0.571616229503422,1.6396148797511,-0.105311490159697,3.68136880989048,1,0.00396825396825397,0
1,9.19620688424911,3.1992786007376,6.07526878899379,-0.212063426790753,0.541608437788325,1,0.00396825396825397,0
